HL,Pop-size,RMSE-L,RMSE-T,R2-L,R2-T
10,80,0.03299128826427853,0.03783403906160052,0.7193502093786247,0.7084615274473491
