HL,Pop-size,RMSE-L,RMSE-T,R2-L,R2-T
10,80,0.02978556897734924,0.03718797364776368,0.7701573683071827,0.7173075581937195
