HL,Pop-size,RMSE-L,RMSE-T,R2-L,R2-T
10,70,0.025410356410092663,0.03189777919567112,0.832804518717546,0.7915581417539994
