HL,Pop-size,RMSE-L,RMSE-T,R2-L,R2-T
10,70,0.02309408784898552,0.03673859169229705,0.862000235955603,0.724033484622833
