HL,Pop-size,RMSE-L,RMSE-T,R2-L,R2-T
10,80,0.04927350217850651,0.058459549612696914,0.3911447048762978,0.327720659985692
