HL,Pop-size,RMSE-L,RMSE-T,R2-L,R2-T
5,80,0.05389273552998924,0.06148024263644983,0.41245423336118625,0.4766038972589684
