RMSEl,RMSEt,R2l,R2t
0.43810263980659164,0.3615646592872056,0.0506915468979693,0.08340770132701963
0.41022855226532484,0.3236136178150131,0.074701053004175,0.00032323557500831543
