RMSEl,RMSEt,R2l,R2t
0.5665529690547388,0.5352702189601153,0.06910879190237502,0.12599022488033323
0.30583614766230216,0.2625041706124674,0.01061675082738209,0.1322769578266347
0.32122082410511016,0.3052499874018833,0.015169432232398751,0.041820487977041916
0.4083728114573585,0.39053729100232354,0.23740110379724988,0.33882757929566143
