RMSEl,RMSEt,R2l,R2t
0.43810263980659164,0.3615646592872056,0.0506915468979693,0.08340770132701963
